{"StaticGen-0-3-0": {"max": 0.02, "min": 0}, "StaticGen-1-4-0": {"max": 0.02, "min": 0}, "StaticGen-2-5-0": {"max": 0.03, "min": 0}, "StaticGen-3-6-0": {"max": 0.03, "min": 0}, "StaticGen-4-8-0": {"max": 0.03, "min": 0}, "StaticGen-5-9-0": {"max": 0.03, "min": 0}, "StaticGen-6-10-0": {"max": 0.04, "min": 0}, "StaticGen-7-11-0": {"max": 0.01, "min": 0}, "StaticGen-8-7-0": {"max": 1.5, "min": 0}, "StaticGen-9-18-1": {"max": 0.02, "min": 0}, "StaticGen-10-19-1": {"max": 0.02, "min": 0}, "StaticGen-11-20-1": {"max": 0.03, "min": 0}, "StaticGen-12-21-1": {"max": 0.03, "min": 0}, "StaticGen-13-23-1": {"max": 0.03, "min": 0}, "StaticGen-14-24-1": {"max": 0.03, "min": 0}, "StaticGen-15-25-1": {"max": 0.04, "min": 0}, "StaticGen-16-26-1": {"max": 0.01, "min": 0}, "StaticGen-17-22-1": {"max": 1.5, "min": 0}, "Load-0-1-0": {"max": 29.988, "min": 0.0}, "Load-1-3-0": {"max": 0.8293499999999999, "min": 0.0}, "Load-2-4-0": {"max": 0.43165, "min": 0.0}, "Load-3-5-0": {"max": 0.7275, "min": 0.0}, "Load-4-6-0": {"max": 1.6441499999999998, "min": 0.0}, "Load-5-8-0": {"max": 1.1737, "min": 0.0}, "Load-6-10-0": {"max": 0.9506, "min": 0.0}, "Load-7-11-0": {"max": 0.6596000000000001, "min": 0.26384}, "Load-8-12-0": {"max": 14.994, "min": 11.9952}, "Load-9-14-0": {"max": 0.20854999999999999, "min": 0.16684}, "Load-10-1-0": {"max": 14.535, "min": 3.876}, "Load-11-3-0": {"max": 0.6757500000000001, "min": 0.0}, "Load-12-7-0": {"max": 0.153, "min": 0.05355}, "Load-13-9-0": {"max": 1.72125, "min": 0.0}, "Load-14-10-0": {"max": 0.136, "min": 0.0476}, "Load-15-12-0": {"max": 15.048, "min": 4.5144}, "Load-16-13-0": {"max": 0.034, "min": 0.030600000000000002}, "Load-17-14-0": {"max": 0.663, "min": 0.2652}, "Load-18-16-1": {"max": 29.988, "min": 10.4958}, "Load-19-18-1": {"max": 0.5529, "min": 0.24880499999999997}, "Load-20-19-1": {"max": 1.29495, "min": 0.0}, "Load-21-20-1": {"max": 0.7275, "min": 0.50925}, "Load-22-21-1": {"max": 0.5480499999999999, "min": 0.49324499999999993}, "Load-23-23-1": {"max": 1.7605499999999998, "min": 0.410795}, "Load-24-25-1": {"max": 0.9506, "min": 0.42777}, "Load-25-26-1": {"max": 0.32980000000000004, "min": 0.0}, "Load-26-27-1": {"max": 29.988, "min": 10.4958}, "Load-27-29-1": {"max": 0.6256499999999999, "min": 0.0}, "Load-28-16-1": {"max": 14.535, "min": 3.876}, "Load-29-18-1": {"max": 0.4505, "min": 0.20272500000000002}, "Load-30-22-1": {"max": 0.22949999999999998, "min": 0.0}, "Load-31-24-1": {"max": 1.72125, "min": 0.0}, "Load-32-25-1": {"max": 0.20400000000000001, "min": 0.0}, "Load-33-27-1": {"max": 15.048, "min": 0.0}, "Load-34-28-1": {"max": 0.068, "min": 0.0238}, "Load-35-29-1": {"max": 0.3315, "min": 0.0}}