{"pv-0-3-0": {"max": 0.02, "min": 0}, "pv-1-4-0": {"max": 0.02, "min": 0}, "pv-2-5-0": {"max": 0.03, "min": 0}, "pv-3-6-0": {"max": 0.03, "min": 0}, "pv-4-8-0": {"max": 0.03, "min": 0}, "pv-5-9-0": {"max": 0.03, "min": 0}, "pv-6-10-0": {"max": 0.04, "min": 0}, "pv-7-11-0": {"max": 0.01, "min": 0}, "wp-8-7-0": {"max": 1.5, "min": 0}, "pv-9-18-1": {"max": 0.02, "min": 0}, "pv-10-19-1": {"max": 0.02, "min": 0}, "pv-11-20-1": {"max": 0.03, "min": 0}, "pv-12-21-1": {"max": 0.03, "min": 0}, "pv-13-23-1": {"max": 0.03, "min": 0}, "pv-14-24-1": {"max": 0.03, "min": 0}, "pv-15-25-1": {"max": 0.04, "min": 0}, "pv-16-26-1": {"max": 0.01, "min": 0}, "wp-17-22-1": {"max": 1.5, "min": 0}, "load-0-1-0": {"max": 29.988, "min": 0.0}, "load-1-3-0": {"max": 0.8293499999999999, "min": 0.0}, "load-2-4-0": {"max": 0.43165, "min": 0.0}, "load-3-5-0": {"max": 0.7275, "min": 0.0}, "load-4-6-0": {"max": 1.6441500000000002, "min": 0.0}, "load-5-8-0": {"max": 1.1737, "min": 0.0}, "load-6-10-0": {"max": 0.9506, "min": 0.0}, "load-7-11-0": {"max": 0.6596, "min": 0.26383999999999996}, "load-8-12-0": {"max": 14.994, "min": 11.9952}, "load-9-14-0": {"max": 0.20855, "min": 0.16684000000000002}, "load-10-1-0": {"max": 14.535, "min": 3.876}, "load-11-3-0": {"max": 0.6757500000000001, "min": 0.0}, "load-12-7-0": {"max": 0.153, "min": 0.05355}, "load-13-9-0": {"max": 1.72125, "min": 0.0}, "load-14-10-0": {"max": 0.136, "min": 0.0476}, "load-15-12-0": {"max": 15.048, "min": 4.5144}, "load-16-13-0": {"max": 0.034, "min": 0.030600000000000002}, "load-17-14-0": {"max": 0.663, "min": 0.2652}, "load-18-16-1": {"max": 29.988, "min": 10.4958}, "load-19-18-1": {"max": 0.5529, "min": 0.24880499999999997}, "load-20-19-1": {"max": 1.29495, "min": 0.0}, "load-21-20-1": {"max": 0.7275, "min": 0.50925}, "load-22-21-1": {"max": 0.54805, "min": 0.49324500000000004}, "load-23-23-1": {"max": 1.7605499999999998, "min": 0.410795}, "load-24-25-1": {"max": 0.9506, "min": 0.42777}, "load-25-26-1": {"max": 0.3298, "min": 0.0}, "load-26-27-1": {"max": 29.988, "min": 10.4958}, "load-27-29-1": {"max": 0.62565, "min": 0.0}, "load-28-16-1": {"max": 14.535, "min": 3.876}, "load-29-18-1": {"max": 0.4505, "min": 0.20272500000000002}, "load-30-22-1": {"max": 0.22949999999999998, "min": 0.0}, "load-31-24-1": {"max": 1.72125, "min": 0.0}, "load-32-25-1": {"max": 0.20400000000000001, "min": 0.0}, "load-33-27-1": {"max": 15.048, "min": 0.0}, "load-34-28-1": {"max": 0.068, "min": 0.0238}, "load-35-29-1": {"max": 0.3315, "min": 0.0}}